26.09.;Datenerhebung Robin;;;;;;;;;;
id;name;type;oscar;oscar nom.;imdb-rating;year;genre;studio;sex;nationality;birthyear
thshre100;The Shawshank Redemption;;no;yes;9,3;1994;Drama;Caste Rock Entertainment;99;99;99
frda200;Frank Darabont;director;99;99;;99;99;99;m;USA;1959
thne300;Thomas Newman;composer;99;99;;99;99;99;m;USA;1955
thgo100;The Godfather;film;no;yes;9,2;1972;Drama;Paramount Pictures;99;99;99
frfoco200;Francis Ford Coppola;director;99;99;;99;99;99;m;USA;1939
niro300;Nino Rota;composer;99;99;;99;99;99;m;Italy;1911
thdakn100;The Dark Knight;film;no;no;9,1;2008;Thriller;Warner Bros.;99;99;99
chno200;Christopher Nolan;director;99;99;;99;99;99;m;England;1970
janeho300;James Newton Howard;composer;99;99;;99;99;99;m;USA;1951
hazi300;Hans Zimmer;composer;99;99;;99;99;99;m;Germany;1957
thgopaii100;The Godfather Part II;film;yes;yes;9;1974;Drama;Paramount Pictures;99;99;99
12anme100;12 Angry Men;film;no;no;9;1957;Drama;Orioan-Nova Productions;99;99;99
silu200;Sidney Lumat;director;99;99;;99;99;99;m;USA;1924
keho300;Kenyon Hokpins;composer;99;99;;99;99;99;m;USA;1914
thloofthrith100;The Lord of the Rings: The Return of the King;film;yes;yes;9;2003;Fantasy;New Line Cinema;99;99;99
peja200;Peter Jackson;director;99;99;;99;99;99;m;New Zealand;1961
hosho300;Howard Shore;composer;99;99;;99;99;99;m;Canada;1946
scsli100;Schindler's List;film;yes;yes;9;1993;Drama;Universial Pictures;99;99;99
stsp200;Steven Spielberg;director;99;99;;99;99;99;m;USA;1946
jowi300;John Williams;composer;99;99;;99;99;99;m;USA;1932
thloofthrith2100;The Lord of the Rings: The Fellowship of the Ring;film;yes;yes;8,9;2001;Fantasy;New Line Cinema;99;99;99
pufi100;Pulp Fiction;film;no;no;8,8;1994;Drama;A Band Apart;99;99;99
quta200;Quentin Tarantino;director;99;99;;99;99;99;m;USA;1963
thgothbaanth100;The Good, the Bad and the Ugly;film;no;no;8,8;1966;Western;Produzioni Europee Associati;99;99;99
sele200;Sergio Leone;director;99;99;;99;99;99;m;Italy;1929
enmo300;Ennio Morricone;composer;99;99;;99;99;99;m;Italy;1928
thloofthrith3100;The Lord of the Rings: The Two Towers;film;no;no;8,8;2002;Fantasy;New Line Cinema;99;99;99
fogu100;Forrest Gump;film;no;yes;8,8;1994;Drama;Paramount Pictures;99;99;99
roze200;Robert Zemeckis;director;99;99;;99;99;99;m;USA;1952
alsi300;Alan Silvestri;composer;99;99;;99;99;99;m;USA;1950
ficl100;Fight Club;film;no;no;8,8;1999;Drama;20th Century Fox;99;99;99
dafi200;David Fincher;director;99;99;;99;99;99;m;USA;1962
joki300;John King;composer;99;99;;99;99;99;m;USA;1965
misi300;Michael Simpson;composer;99;99;;99;99;99;m;USA;1965
in100;Inception;film;no;yes;8,8;2010;Science-Fiction;Legendary Pictures;99;99;99
stwaepvthems100;Star Wars: Episode V - The Empire Strikes Back;film;no;yes;8,7;1980;Science-Fiction;Lucasfilm Ltd.;99;99;99
ivke200;Irvin Kershner;director;99;99;;99;99;99;m;USA;1923
thma100;The Matrix;film;no;no;8,7;1999;Science-Fiction;Warner Bros.;99;99;99
lawach200;Lana Wachowski;director;99;99;99;99;99;99;w;USA;1965
liwach200;Lilly Wachowski;director;99;99;99;99;99;99;w;USA;1967
dondav300;Don Davis;composer;99;99;99;99;99;99;m;USA;1957
in2100;Interstellar;film;no;yes;8,7;2014;Science-Fiction;Warner Bros.;99;99;99
go100;Goodfellas;film;no;no;8,7;1990;Drama;Warner Bros.;99;99;99
masco200;Martin Scorsese;director;99;99;99;99;99;99;m;USA;1942
onflovthcusn100;One Flew Over the Cuckoo's Nest;film;no;yes;8,6;1975;Drama;Fantasy Films;99;99;99
Milfor200;Milos Forman;director;99;99;99;99;99;99;m;USA;1932
Jjani300;Jack Nitzsche;composer;99;99;99;99;99;99;m;USA;1937
se100;Se7en;film;no;no;8,6;1995;Crime;New Line Cinema;99;99;99
itsawoli100;It's a Wonderful Life;film;no;yes;8,6;1946;Drama;Liberty Films;99;99;99
frca200;Frank Capra;director;99;99;99;99;99;99;m;Italy;1897
diti300;Dimitri Tiomkin;composer;99;99;99;99;99;99;m;Russia;1894
thsiofthla100;The Silence of the Lambs;film;no;no;8,6;1991;Crime;Orion Pictures;99;99;99
jode200;Jonathan Demme;director;99;99;99;99;99;99;m;USA;1944
saprry100;Saving Private Ryan;film;no;yes;8,6;1998;Action;Paramount Pictures;99;99;99
sesa100;Seven Samurai;film;no;yes;8,6;1954;Adventure;Toho;99;99;99
akku200;Akira Kurosawa;director;99;99;99;99;99;99;m;Japan;1910
fuha300;Fumio Hayasaka;composer;99;99;99;99;99;99;m;Japan;1914
thgrmi100;The Green Mile;film;no;no;8,6;1999;Crime;Castle Rock Entertainment;99;99;99
ciofgo100;City of God;film;no;no;8,6;2002;Crime;O2 Filmes;99;99;99
feme200;Fernando Meirelles;director;99;99;99;99;99;99;m;Brazil;1955
kalu200;Kátia Lund;director;99;99;99;99;99;99;w;Brazil;1966
anpi300;Antonio Pinto;composer;99;99;99;99;99;99;m;Brazil;1967
liisbe100;Life Is Beautiful;film;yes;yes;8,6;1997;Drama;Melampo Cinematografica;99;99;99
robe200;Roberto Benigni;director;99;99;99;99;99;99;m;Italy;1952
nipi300;Nicola Piovani;composer;99;99;99;99;99;99;m;Italy;1946
te2juda100;Terminator 2: Judgment Day;film;no;yes;8,6;1991;Action;Carolco Pictures;99;99;99
jaca200;James Cameron;director;99;99;99;99;99;99;m;Canada;1954
brfi300;Brad Fiedel;composer;99;99;99;99;99;99;m;USA;1951
batothfu100;Back to the Future;film;no;no;8,5;1985;Science-Fiction;Amblin Entertainment;99;99;99
stwaepivaneh100;Star Wars: Episode IV - A New Hope;film;yes;yes;8,6;1977;Science-Fiction;Lucasfilm;99;99;99
gelu200;George Lucas;director;99;99;99;99;99;99;m;USA;1944
kibithwhblaf100;Kill Bill: The Whole Bloody Affair;film;no;no;8,1;2004;Action;A Band Apart;99;99;99
rz300;RZA;composer;99;99;99;99;99;99;m;USA;1969
spaw100;Spirited Away;film;no;yes;8,6;2001;Anime;Studio Ghibli;99;99;99
hami200;Hayao Miyazaki;director;99;99;99;99;99;99;m;Japan;1941
johi300;Joe Hisaishi;composer;99;99;99;99;99;99;m;Japan;1950
gl100;Gladiator;film;no;yes;8,5;2000;Action;DreamWorks;99;99;99
risc200;Ridley Scott;director;99;99;99;99;99;99;m;UK;1937
lige300;Lisa Gerrard;composer;99;99;99;99;99;99;w;Australia;1961
thpi100;The Pianist;film;no;yes;8,5;2002;Biography;R.P. Productions;99;99;99
ropo200;Roman Polanski;director;99;99;99;99;99;99;m;France;1933
woki300;Wojciech Kilar;composer;99;99;99;99;99;99;m;Poland;1932
pa100;Parasite;film;no;no;8,5;2019;Comedy;Barunson E&A;99;99;99
bojoho200;Bong Joon-ho;director;99;99;99;99;99;99;m;South Korea;1969
jujail300;Jung Jae-il;composer;99;99;99;99;99;99;m;South Korea;1982
grofthfi100;Grave of the Fireflies;film;no;no;8,5;1988;Animation;Studio Ghibli;99;99;99
ista200;Isao Takahata;director;99;99;99;99;99;99;m;Japan;1935
mima300;Michio Mamiya;composer;99;99;99;99;99;99;m;Japan;1929
ps100;Psycho;film;no;no;8,5;1960;Horror;Shamley Productions;99;99;99
alhi200;Alfred Hitchcock;director;99;99;99;99;99;99;m;UK;1899
behe300;Bernard Herrmann;composer;99;99;99;99;99;99;m;USA;1911
ha100;Harakiri;film;no;no;8,6;1962;Action;Shochiku;99;99;99
mako200;Masaki Kobayashi;director;99;99;99;99;99;99;m;Japan;1916
truta300;T?ru Takemitsu;composer;99;99;99;99;99;99;m;Japan;1930
thliki100;The Lion King;film;yes;yes;8,5;1994;Animation;Walt Disney Feature Animation;99;99;99
roal200;Roger Allers;director;99;99;99;99;99;99;m;USA;1949
romi200;Rob Minkoff;director;99;99;99;99;99;99;m;USA;1962
thde100;The Departed;film;no;no;8,5;2006;Crime;Plan B Entertainment;99;99;99
wh100;Whiplash;film;no;yes;8,5;2014;Drama;Bold Films;99;99;99
dach200;Damien Chazelle;director;99;99;99;99;99;99;m;USA;1985
juhu300;Justin Hurwitz;composer;99;99;99;99;99;99;m;USA;1985
thpr100;The Prestige;film;no;no;8,5;2006;Fantasy;Newmarket Films;99;99;99
daju300;David Julyan;composer;99;99;99;99;99;99;m;UK;1967
amhix100;American History X;film;no;no;8,5;1998;Drama;New Line Cinema;99;99;99
toka200;Tony Kaye;director;99;99;99;99;99;99;m;UK;1952
andu300;Anne Dudley;composer;99;99;99;99;99;99;m;UK;1956
lon100;Léon;film;no;no;8,5;1994;Crime;Gaumont;99;99;99
lube200;Luc Besson;director;99;99;99;99;99;99;m;France;1959
erse300;Éric Serra;composer;99;99;99;99;99;99;m;France;1959
spmaacthspve100;Spider-Man: Across the Spider-Verse;film;no;no;8,5;2023;Animation;Sony Pictures Animation;99;99;99
jodosa200;Joaquim Dos Santos;director;99;99;99;99;99;99;m;USA;1977
kepo200;Kemp Powers;director;99;99;99;99;99;99;m;USA;1973
jukth200;Justin K. Thompson;director;99;99;99;99;99;99;m;USA;1978
dape300;Daniel Pemberton;composer;99;99;99;99;99;99;m;UK;1977
cipa100;Cinema Paradiso;film;no;no;8,5;1988;Comedy;Titanus;99;99;99
gito200;Giuseppe Tornatore;director;99;99;99;99;99;99;m;Italy;1956
ca100;Casablanca;film;no;no;8,5;1942;Melodrama;Warner Bros.;99;99;99
micu200;Michael Curtiz;director;99;99;99;99;99;99;m;Hungary;1886
mast300;Max Steiner;composer;99;99;99;99;99;99;m;Austria;1888
thin100;The Intouchables;film;no;no;8,5;2011;Tragicomedy;Quad Productions;99;99;99
olna200;Olivier Nakache;director;99;99;99;99;99;99;m;France;1973
erto200;Éric Toledano;director;99;99;99;99;99;99;m;France;1971
luei300;Ludovico Einaudi;composer;99;99;99;99;99;99;m;Italy;1955
thussu100;The Usual Suspects;film;no;no;8,5;1995;Crime;PolyGram Filmed Entertainment;99;99;99
brsi200;Bryan Singer;director;99;99;99;99;99;99;m;USA;1965
joot300;John Ottman;composer;99;99;99;99;99;99;m;USA;1964
djun100;Django Unchained;film;no;no;8,4;2012;Adventure;The Weinstein Company;99;99;99
al100;Alien;film;no;no;8,5;1979;Horror;20th Century Fox;99;99;99
jego300;Jerry Goldsmith;composer;99;99;99;99;99;99;m;USA;1929
rewi100;Rear Window;film;no;no;8,5;1954;Crime;Paramount Pictures;99;99;99
moti100;Modern Times;film;no;no;8,5;1936;Comedy;United Artists;99;99;99
chch200;Charlie Chaplin;director;99;99;99;99;99;99;m;UK;1889
onupatiinthw100;Once Upon a Time in the West;film;no;no;8,5;1968;Western;Rafran;99;99;99
cili100;City Lights;film;no;no;8,5;1931;Comedy;United Artists;99;99;99
wae100;WALL-E;film;no;yes;8,4;2008;Animation;Pixar Animation Studios;99;99;99
anst200;Andrew Stanton;director;99;99;99;99;99;99;m;USA;1965
apno100;Apocalypse Now;film;no;no;8,4;1979;Drama;American Zoetrope;99;99;99
caco300;Carmine Coppola;composer;99;99;99;99;99;99;m;USA;1910
me100;Memento;film;no;no;8,4;2000;Crime;Newmarket Films;99;99;99
avinwa100;Avengers: Infinity War;film;no;no;8,4;2018;Action;Marvel Studios;99;99;99
ant200;Anthony Russo;director;99;99;99;99;99;99;m;USA;1970
joe200;Joe Russo;director;99;99;99;99;99;99;m;USA;1971
dupatw100;Dune: Part Two;film;yes;yes;8,4;2024;Adventure;Legendary Pictures;99;99;99
devi200;Denis Villeneuve;director;99;99;99;99;99;99;m;Canada;1967
raofthloar100;Raiders of the Lost Ark;film;yes;yes;8,3;1981;Adventure;Lucasfilm;99;99;99
thod100;The Odyssey;film;no;no;8,5;2026;Adventure;Syncopy;99;99;99
lugo300;Ludwig Göransson;composer;99;99;99;99;99;99;m;Sweden;1984
spmainthspve100;Spider-Man: Into the Spider-Verse;film;no;no;8,4;2018;Animation;Sony Pictures Animation;99;99;99
bope200;Bob Persichetti;director;99;99;99;99;99;99;m;USA;1973
phlo200;Phil Lord;director;99;99;99;99;99;99;m;USA;1975
chmi200;Christopher Miller;director;99;99;99;99;99;99;m;USA;1975
thliofot100;The Lives of Others;film;no;no;8,4;2006;Drama;Wiedemann & Berg;99;99;99
flhevo200;Florian Henckel von Donnersmarck;director;99;99;99;99;99;99;m;Germany;1973
gaya300;Gabriel Yared;composer;99;99;99;99;99;99;m;Lebanon;1949
subo100;Sunset Boulevard;film;no;no;8,4;1950;Drama;Paramount Pictures;99;99;99
biwi200;Billy Wilder;director;99;99;99;99;99;99;m;Austria;1906
frwa300;Franz Waxman;composer;99;99;99;99;99;99;m;Germany;1906
wifothpr100;Witness for the Prosecution;film;no;no;8,4;1957;Crime;United Artists;99;99;99
mama300;Matty Malneck;composer;99;99;99;99;99;99;    m;USA;1903
paofgl100;Paths of Glory;film;no;no;8,4;1957;Drama;Bryna Productions;99;99;99
stku200;Stanley Kubrick;director;99;99;99;99;99;99;m;USA;1928
gefr300;Gerald Fried;composer;99;99;99;99;99;99;m;USA;1928
thsh100;The Shining;film;no;no;8,4;1980;Horror;Warner Bros.;99;99;99
weca300;Wendy Carlos;composer;99;99;99;99;99;99;w;USA;1939
thgrdi100;The Great Dictator;film;no;no;8,4;1940;Comedy;United Artists;99;99;99
inba100;Inglourious Basterds;film;no;no;8,3;2009;War;The Weinstein Company;99;99;99
al2100;Aliens;film;no;no;8,4;1986;Horror;20th Century Fox;99;99;99
jaho300;James Horner;composer;99;99;99;99;99;99;m;USA;1953
12fa100;12th Fail;film;no;no;8,8;2023;Biography;Vinod Chopra Films;99;99;99
vivich200;Vidhu Vinod Chopra;director;99;99;99;99;99;99;m;India;1952
shmo300;Shantanu Moitra;composer;99;99;99;99;99;99;m;India;1968
inthvaofel100;In the Valley of Elah;film;no;no;8,1;1963;Crime;Regency Enterprises;99;99;99
paha200;Paul Haggis;director;99;99;99;99;99;99;m;Canada          ;1953
aven100;Avengers: Endgame;film;no;no;8,4;2019;Action;Marvel Studios;99;99;99
gowihu100;Good Will Hunting;film;no;no;8,3;1997;Drama;Miramax;99;99;99
guvasa200;Gus Van Sant;director;99;99;99;99;99;99;m;USA;1952
dael300;Danny Elfman;composer;99;99;99;99;99;99;m;USA;1953
co100;Coco;film;no;no;8,4;2017;Animation;Pixar Animation Studios;99;99;99
leun200;Lee Unkrich;director;99;99;99;99;99;99;m;USA;1967
admo200;Adrian Molina;director;99;99;99;99;99;99;m;USA;1985
migi300;Michael Giacchino;composer;99;99;99;99;99;99;m;USA;1967
thdaknri100;The Dark Knight Rises;film;no;yes;8,4;2012;Action;Warner Bros.;99;99;99
tost100;Toy Story;film;no;no;8,3;1995;Animation;Pixar Animation Studios;99;99;99
jola200;John Lasseter;director;99;99;99;99;99;99;m;USA;1957
rane300;Randy Newman;composer;99;99;99;99;99;99;m;USA;1943
am100;Amadeus;film;no;yes;8,3;1984;Biography;Orion Pictures;99;99;99
yona100;Your Name.;film;no;no;8,3;2016;Animation;CoMix Wave Films;99;99;99
mash200;Makoto Shinkai;director;99;99;99;99;99;99;m;Japan;1973
ra300;Radwimps;composer;99;99;99;99;99;99;m;Japan;99
dabo100;Das Boot;film;no;no;8,3;1981;Action;Bavaria Film;99;99;99
wope200;Wolfgang Petersen;director;99;99;99;99;99;99;m;Germany;1941
kldo300;Klaus Doldinger;composer;99;99;99;99;99;99;m;Germany;1931
br100;Braveheart;film;yes;yes;8,3;1995;Action;Paramount Pictures;99;99;99
prmo100;Princess Mononoke;film;no;no;8,3;1997;Animation;Studio Ghibli;99;99;99
ol100;Oldboy;film;no;no;8,2;2003;Drama;Show East;99;99;99
pachwo200;Park Chan-wook;director;99;99;99;99;99;99;m;South Korea;1963
joyewo300;Jo Yeong-wook;composer;99;99;99;99;99;99;m;South Korea;1962
3id100;3 Idiots;film;no;no;8,4;2009;Comedy;Vinod Chopra Films;99;99;99
rahi200;Rajkumar Hirani;director;99;99;99;99;99;99;m;India;1962
drstorhoilet100;Dr. Strangelove or: How I Learned to Stop Worrying and Love the Bomb;film;no;no;8,4;1964;Comedy;Columbia Pictures;99;99;99
lajo300;Laurie Johnson;composer;99;99;99;99;99;99;m;UK;1924
ambe100;American Beauty;film;no;no;8,3;1999;Drama;DreamWorks;99;99;99
same200;Sam Mendes;director;99;99;99;99;99;99;m;UK;1965
ca2100;Capernaum;film;no;no;8,4;2018;Drama;Mouz Films;99;99;99
nala200;Nadine Labaki;director;99;99;99;99;99;99;w;Lebanon;1974
khmo300;Khaled Mouzanar;composer;99;99;99;99;99;99;m;Lebanon;1974
siinthra100;Singin' in the Rain;film;no;no;8,3;1952;Comedy;Metro-Goldwyn-Mayer;99;99;99
stdo200;Stanley Donen;director;99;99;99;99;99;99;m;USA;1924
geke200;Gene Kelly;director;99;99;99;99;99;99;m;USA;1912
nahebr300;Nacio Herb Brown;composer;99;99;99;99;99;99;m;USA;1896
onupatiinam100;Once Upon a Time in America;film;no;no;8,4;1984;Crime;The Ladd Company;99;99;99
jo100;Joker;film;yes;yes;8,2;2019;Crime;Warner Bros.;99;99;99
toph200;Todd Phillips;director;99;99;99;99;99;99;m;USA;1970
higu300;Hildur Guðnadóttir;composer;99;99;99;99;99;99;w;Iceland;1982
tost3100;Toy Story 3;film;no;no;8,3;2010;Animation;Pixar Animation Studios;99;99;99
stwaepvireof100;Star Wars: Episode VI - Return of the Jedi;film;no;yes;8,3;1983;Science-Fiction;Lucasfilm;99;99;99
rima200;Richard Marquand;director;99;99;99;99;99;99;m;UK;1937
coanse100;Come and See;film;no;no;8,3;1985;Drama;Belarusfilm;99;99;99
elkl200;Elem Klimov;director;99;99;99;99;99;99;m;Russia;1933
olya300;Oleg Yanchenko;composer;99;99;99;99;99;99;m;Russia;1939
refoadr100;Requiem for a Dream;film;no;yes;8,3;2000;Drama;Artisan Entertainment;99;99;99
daar200;Darren Aronofsky;director;99;99;99;99;99;99;m;USA;1969
clma300;Clint Mansell;composer;99;99;99;99;99;99;m;UK;1963
ik100;Ikiru;film;no;no;8,3;1952;Drama;Toho;99;99;99
thhu100;The Hunt;film;no;no;8,3;2012;Drama;Zentropa;99;99;99
thvi200;Thomas Vinterberg;director;99;99;99;99;99;99;m;Denmark;1969
nieg300;Nikolaj Egelund;composer;99;99;99;99;99;99;m;Denmark;1968
in3100;Incendies;film;no;no;8,3;2010;Drama;Micro_scope;99;99;99
devi200;Denis Villeneuve;director;99;99;99;99;99;99;m                   ;Canada          ;1967
grhe300;Grégoire Hetzel;composer;99;99;99;99;99;99;m;France;1972
etsuofthspmi100;Eternal Sunshine of the Spotless Mind;film;no;no;8,3;2004;Drama;Focus Features;99;99;99
migo200;Michel Gondry;director;99;99;99;99;99;99;m;France;1963
jobr300;Jon Brion;composer;99;99;99;99;99;99;m;USA;1963
thap100;The Apartment;film;no;no;8,3;1960;Melodrama;United Artists;99;99;99
adde300;Adolph Deutsch;composer;99;99;99;99;99;99;m;USA;1897
laofar100;Lawrence of Arabia;film;no;yes;8,3;1962;Adventure;Horizon Pictures;99;99;99
dale200;David Lean;director;99;99;99;99;99;99;m;UK;1908
maja300;Maurice Jarre;composer;99;99;99;99;99;99;m;France;1924
he100;Heat;film;no;no;8,3;1995;Crime;Regency Enterprises;99;99;99
mima200;Michael Mann;director;99;99;99;99;99;99;m;USA;1943
elgo300;Elliot Goldenthal;composer;99;99;99;99;99;99;m;USA;1954
sc100;Scarface;film;no;no;8,3;1983;Crime;Universal Pictures;99;99;99
brdepa200;Brian De Palma;director;99;99;99;99;99;99;m;USA;1940
gimo300;Giorgio Moroder;composer;99;99;99;99;99;99;m;Italy;1940
redo100;Reservoir Dogs;film;no;no;8,3;1992;Crime;Live Entertainment;99;99;99
20aspod100;2001: A Space Odyssey;film;no;no;8,3;1968;Science-Fiction;Metro-Goldwyn-Mayer;99;99;99
gyli300;György Ligeti;composer;99;99;99;99;99;99;m;Hungary;1923
up100;Up;film;no;no;8,3;2009;Animation;Pixar Animation Studios;99;99;99
pedo200;Pete Docter;director;99;99;99;99;99;99;m;USA;1968
doin100;Double Indemnity;film;no;no;8,3;1944;Crime;Paramount Pictures;99;99;99
miro300;Miklós Rózsa;composer;99;99;99;99;99;99;m;Hungary;1907
listonea100;Like Stars on Earth;film;no;no;8,3;2007;Drama;Aamir Khan Productions;99;99;99
aakh200;Aamir Khan;director;99;99;99;99;99;99;m;India;1965
shma300;Shankar Mahadevan;composer;99;99;99;99;99;99;m;India;1967
ehno300;Ehsaan Noorani;composer;99;99;99;99;99;99;m;India;1963
lome300;Loy Mendonsa;composer;99;99;99;99;99;99;m;India;1960
nobyno100;North by Northwest;film;no;no;8,3;1959;Adventure;Metro-Goldwyn-Mayer;99;99;99
fumeja100;Full Metal Jacket;film;no;no;8,3;1987;Drama;Warner Bros.;99;99;99
abme300;Abigail Mead;composer;99;99;99;99;99;99;m;USA;1960
m100;M;film;no;no;8,3;1931;Crime;Nero-Film;99;99;99
frla200;Fritz Lang;director;99;99;99;99;99;99;m;Austria;1890
gohu300;Gottfried Huppertz;composer;99;99;99;99;99;99;m;Germany;1887
ase100;A Separation;film;no;no;8,3;2011;Drama;Asghar Farhadi Productions;99;99;99
asfa200;Asghar Farhadi;director;99;99;99;99;99;99;m;Iran;1972
saor300;Sattar Oraki;composer;99;99;99;99;99;99;m;Iran;1969
amli100;Amélie;film;no;no;8,3;2001;Comedy;Claudie Ossard Productions;99;99;99
jepije200;Jean-Pierre Jeunet;director;99;99;99;99;99;99;m;France;1953
yati300;Yann Tiersen;composer;99;99;99;99;99;99;m;France;1970
cika100;Citizen Kane;film;no;no;8,3;1941;Drama;RKO Radio Pictures;99;99;99
orwe200;Orson Welles;director;99;99;99;99;99;99;m;USA;1915
ve100;Vertigo;film;no;no;8,3;1958;Crime;Paramount Pictures;99;99;99
diha100;Die Hard;film;no;no;8,2;1988;Action;Gordon Company;99;99;99
jomc200;John McTiernan;director;99;99;99;99;99;99;m;USA;1951
mika300;Michael Kamen;composer;99;99;99;99;99;99;m;USA;1948
atontithlaat100;Attack on Titan: The Last Attack;film;no;no;8,2;2024;Action;MAPPA;99;99;99
ryai200;Ryota Aikei;director;99;99;99;99;99;99;m;Japan;1984
yuha200;Yuichiro Hayashi;director;99;99;99;99;99;99;m;Japan;1985
toig200;Tokio Igarashi;director;99;99;99;99;99;99;m;Japan;1972
hisa300;Hiroyuki Sawano;composer;99;99;99;99;99;99;m;Japan;1980
tokiamo100;To Kill a Mockingbird;film;no;no;8,3;1962;Crime;Universal Pictures;99;99;99
romu200;Robert Mulligan;director;99;99;99;99;99;99;m;USA;1925
elbe300;Elmer Bernstein;composer;99;99;99;99;99;99;m;USA;1922
injoanthlacr100;Indiana Jones and the Last Crusade;film;no;no;8,2;1989;Adventure;Lucasfilm;99;99;99
thcuofthwe100;The Curse of the Werewolf;film;no;no;7,8;2025;Biography;Working Title Films;99;99;99
jogav200;John G. Avildsen;director;99;99;99;99;99;99;m;USA;1935
bico300;Bill Conti;composer;99;99;99;99;99;99;m;USA;1942
thst100;The Sting;film;no;no;8,2;1973;Comedy;Universal Pictures;99;99;99
gerohi200;George Roy Hill;director;99;99;99;99;99;99;m;USA;1921
maha300;Marvin Hamlisch;composer;99;99;99;99;99;99;m;USA;1944
aclor100;A Clockwork Orange;film;no;no;8,2;1971;Science-Fiction;Warner Bros.;99;99;99
weca300;Wendy Carlos ;composer;99;99;99;99;99;99;w;USA;1939
19100;Metropolis;film;no;no;8,2;1927;Science-Fiction;UFA;99;99;99
19100;1917;film;no;yes;8,2;2019;Drama;DreamWorks Pictures;99;99;99
sn100;Snatch;film;no;no;8,2;2000;Crime;SKA Films;99;99;99
guri200;Guy Ritchie;director;99;99;99;99;99;99;m;UK;1968
jomu300;John Murphy;composer;99;99;99;99;99;99;m;UK;1965
thwoofwast100;The Wolf of Wall Street;film;no;no;8,2;2013;Biography;Paramount Pictures;99;99;99
thtrsh100;The Truman Show;film;no;no;8,2;1998;Comedy;Paramount Pictures;99;99;99
pewe200;Peter Weir;director;99;99;99;99;99;99;m;Australia;1944
buda300;Burkhard Dallwitz;composer;99;99;99;99;99;99;m;Germany;1959
do100;Downfall;film;no;no;8,2;2004;Biography;Constantin Film;99;99;99
olhi200;Oliver Hirschbiegel;director;99;99;99;99;99;99;m;Germany;1957
stle300;Stefano Lentini;composer;99;99;99;99;99;99;m;Italy;1974
laco100;L.A. Confidential;film;no;no;8,2;1997;Crime;Warner Bros.;99;99;99
cuha200;Curtis Hanson;director;99;99;99;99;99;99;m;USA;1945
shis100;Shutter Island;film;no;no;8,2;2010;Drama;Paramount Pictures;99;99;99
da100;Dangal;film;no;no;8,3;2016;Action;Aamir Khan Productions;99;99;99
niti200;Nitesh Tiwari;director;99;99;99;99;99;99;m;India;1973
prch300;Pritam Chakraborty;composer;99;99;99;99;99;99;m;India;1971
grbo100;Green Book;film;no;no;8,2;2018;Biography;Participant Media;99;99;99
pefa200;Peter Farrelly;director;99;99;99;99;99;99;m;USA;1956
krbo300;Kris Bowers;composer;99;99;99;99;99;99;m;USA;1989
bith100;Bicycle Thieves;film;no;no;8,2;1948;Crime;Produzioni De Sica;99;99;99
videsi200;Vittorio De Sica;director;99;99;99;99;99;99;m;Italy;1901
alci300;Alessandro Cicognini;composer;99;99;99;99;99;99;m;Italy;1906
juatnu100;Judgment at Nuremberg;film;no;no;8,2;1961;Drama;United Artists;99;99;99
stkr200;Stanley Kramer;director;99;99;99;99;99;99;m;USA;1913
ergo300;Ernest Gold;composer;99;99;99;99;99;99;m;Austria;1921
op100;Oppenheimer;film;yes;yes;8,2;2023;Biography;Syncopy;99;99;99
babe100;Batman Begins;film;no;yes;8,2;2005;Action;Warner Bros.;99;99;99
jupa100;Jurassic Park;film;no;no;8,2;1993;Adventure;Universal Pictures;99;99;99
foafedomo100;For a Few Dollars More;film;no;no;8,2;1965;Western;United Artists – internationaler Verleih;99;99;99
ha2100;Hamilton;film;no;no;8,2;2020;Biography;Walt Disney Pictures;99;99;99
thka200;Thomas Kail;director;99;99;99;99;99;99;m;USA;1978
limami300;Lin-Manuel Miranda;composer;99;99;99;99;99;99;m;USA;1980
tadr100;Taxi Driver;film;no;no;8,2;1976;Drama;Columbia Pictures;99;99;99
soliitho100;Some Like It Hot;film;no;no;8,2;1959;Comedy;United Artists;99;99;99
thwibebl100;There Will Be Blood;film;no;no;8,2;2007;Drama;Paramount Vantage;99;99;99
pathan200;Paul Thomas Anderson;director;99;99;99;99;99;99;m;USA;1970
jogr300;Jonny Greenwood;composer;99;99;99;99;99;99;m;UK;1971
thfa100;The Father;film;no;no;8,2;2020;Drama;Sony Pictures Classics;99;99;99
flze200;Florian Zeller;director;99;99;99;99;99;99;m;France;1979
thki100;The Kid;film;no;no;8,2;1921;Comedy;First National;99;99;99
alabev100;All About Eve;film;no;no;8,2;1950;Crime;20th Century Fox;99;99;99
jolma200;Joseph L. Mankiewicz;director;99;99;99;99;99;99;m;USA;1909
alne300;Alfred Newman;composer;99;99;99;99;99;99;m;USA;1900
thsise100;The Sixth Sense;film;no;no;8,2;1999;Drama;Hollywood Pictures;99;99;99
mnish200;M. Night Shyamalan;director;99;99;99;99;99;99;m;USA;1970
ra100;Ran;film;no;no;8,2;1985;Action;Greenwich Film Productions;99;99;99
ca3100;Casino;film;no;no;8,2;1995;Biography;Universal Pictures;99;99;99
thth100;The Thing;film;no;no;8,2;1982;Science-Fiction;Universal Pictures;99;99;99
joca200;John Carpenter;director;99;99;99;99;99;99;m;USA;1948
nocofoolme100;No Country for Old Men;film;no;no;8,2;2007;Crime;Paramount Vantage;99;99;99
etco200;Ethan Coen;director;99;99;99;99;99;99;m;USA;1957
joco200;Joel Coen;director;99;99;99;99;99;99;m;USA;1954
cabu300;Carter Burwell;composer;99;99;99;99;99;99;m;USA;1954
prhama100;Project Hail Mary;film;no;no;8,2;2026;Drama;Amazon MGM Studios;99;99;99
pr100;Prisoners;film;no;no;8,2;2013;Crime;Warner Bros.;99;99;99
jojo300;Jóhann Jóhannsson;composer;99;99;99;99;99;99;m;Iceland;1969
toguma100;Top Gun: Maverick;film;no;no;8,2;2022;Action;Paramount Pictures;99;99;99
hafa300;Harold Faltermeyer;composer;no;no;99;99;99;99;m;Germany;1952
kibivo1100;Kill Bill – Volume 1;film;no;no;8,2;2003;Action;Miramax;99;99;99
pasla100;Pan's Labyrinth;film;no;no;8,2;2006;Fantasy;Warner Bros. – internationaler Verleih;99;99;99
gudeto200;Guillermo del Toro;director;99;99;99;99;99;99;m;Mexico;1964
jana300;Javier Navarrete;composer;99;99;99;99;99;99;m;Spain;1956
un100;Unforgiven;film;no;no;8,2;1992;Drama;Warner Bros.;99;99;99
clea200;Clint Eastwood;director;99;99;99;99;99;99;m;USA;1930
leni300;Lennie Niehaus;composer;99;99;99;99;99;99;m;USA;1929
abemi100;A Beautiful Mind;film;no;no;8,2;2001;Drama;Universal Pictures;99;99;99
roho200;Ron Howard;director;99;99;99;99;99;99;m;USA;1954
hosmoca100;Howl's Moving Castle;film;no;no;8,2;2004;Anime;Studio Ghibli;99;99;99
thtrofthsima100;The Treasure of the Sierra Madre;film;no;no;8,2;1948;Adventure;Warner Bros.;99;99;99
johu200;John Huston;director;99;99;99;99;99;99;m;USA;1906
fine100;Finding Nemo;film;no;yes;8,2;2003;Animation;Pixar Animation Studios;99;99;99
kl100;Klaus;film;no;no;8,2;2019;Animation;The SPA Studios;99;99;99
sepa200;Sergio Pablos;director;99;99;99;99;99;99;m;Spain;1972
algag300;Alfonso G. Aguilar;composer;99;99;99;99;99;99;m;Spain;1985
yo100;Yojimbo;film;no;no;8,2;1961;Action;Toho;99;99;99
masa300;Masaru Sato;composer;99;99;99;99;99;99;m;Japan;1951
deslkinoyath100;Demon Slayer: Kimetsu no Yaiba the Movie: Infinity Castle;film;no;no;8,2;2025;Animation;Ufotable;99;99;99
haso200;Haruo Sotozaki;director;99;99;99;99;99;99;m;Japan;1975
gosh300;Go Shiina;composer;99;99;99;99;99;99;m;Japan;1974
yuka300;Yuki Kajiura;composer;99;99;99;99;99;99;m;Japan;1965
thelma100;The Elephant Man;film;no;no;8,2;1980;Biography;Paramount Pictures;99;99;99
daly200;David Lynch;director;99;99;99;99;99;99;m;USA;1946
thgres100;The Great Escape;film;no;no;8,2;1963;Adventure;The Mirisch Company;99;99;99
jost200;John Sturges;director;99;99;99;99;99;99;m;USA;1910
mopyanthhogr100;Monty Python and the Holy Grail;film;no;no;8,2;1975;Adventure;EMI Films;99;99;99
tejo200;Terry Jones;director;99;99;99;99;99;99;m;UK;1942
tegi200;Terry Gilliam;director;99;99;99;99;99;99;m;UK;1940
nein300;Neil Innes;composer;99;99;99;99;99;99;m;UK;1944
dimfomu100;Dial M for Murder;film;no;no;8,2;1954;Crime;Warner Bros.;99;99;99
thseinthey100;The Secret in Their Eyes;film;no;no;8,2;2009;Drama;100 Bares;99;99;99
jujoca200;Juan José Campanella;director;99;99;99;99;99;99;m;Argentina;1959
feju300;Federico Jusid;composer;99;99;99;99;99;99;m;Argentina;1973
gowithwi100;Gone with the Wind;film;no;no;8,2;1939;Drama;Selznick International Pictures;99;99;99
vifl200;Victor Fleming;director;99;99;99;99;99;99;m;USA;1889
lostantwsmba100;Lock, Stock and Two Smoking Barrels;film;no;no;8,2;1998;Crime;Summit Entertainment;99;99;99
ch100;Chinatown;film;no;no;8,2;1974;Crime;Paramount Pictures;99;99;99
cameifyoca100;Catch Me If You Can;film;no;no;8,2;2002;Biography;DreamWorks;99;99;99
vfove100;V for Vendetta;film;no;no;8,2;2006;Action;Warner Bros.;99;99;99
jamc200;James McTeigue;director;99;99;99;99;99;99;m;Australia;1967
dama300;Dario Marianelli;composer;99;99;99;99;99;99;m;Italy;1963
inou100;Inside Out;film;no;no;8,2;2015;Animation;Pixar Animation Studios;99;99;99
tr100;Trainspotting;film;no;no;8,1;1996;Crime;Channel Four Films;99;99;99
dabo200;Danny Boyle;director;99;99;99;99;99;99;m;UK;1956
bren300;Brian Eno;composer;99;99;99;99;99;99;m;UK;1948
deposo100;Dead Poets Society;film;no;no;8,1;1989;Comedy;Touchstone Pictures;99;99;99
thbiouebmi100;Three Billboards Outside Ebbing, Missouri;film;no;no;8,1;2017;Comedy;Blueprint Pictures;99;99;99
mamc200;Martin McDonagh;director;99;99;99;99;99;99;m;UK;1970
hapoanthdeha100;Harry Potter and the Deathly Hallows: Part 2;film;no;yes;8,1;2011;Fantasy;Warner Bros.;99;99;99
daya200;David Yates;director;99;99;99;99;99;99;m;UK;1963
alde300;Alexandre Desplat;composer;99;99;99;99;99;99;m;France;1961
ra2100;Rashomon;film;no;no;8,2;1950;Drama;Daiei Film;99;99;99
thbronthrikw100;The Bridge on the River Kwai;film;no;no;8,2;1957;Adventure;Sam Spiegel Productions;99;99;99
maar300;Malcolm Arnold;composer;99;99;99;99;99;99;m;UK;1921
thwiro100;The Wild Robot;film;no;no;8,1;2024;Adventure;DreamWorks Animation;99;99;99
chsa200;Chris Sanders;director;99;99;99;99;99;99;m;USA;1960
baly100;Barry Lyndon;film;no;no;8,1;1975;Drama;Warner Bros.;99;99;99
lero300;Leonard Rosenman;composer;99;99;99;99;99;99;m;USA;1924
behu100;Ben-Hur;film;no;yes;8,1;1959;Action;Metro-Goldwyn-Mayer;99;99;99
wiwy200;William Wyler;director;99;99;99;99;99;99;m;Germany;1902
wa100;Warrior;film;no;no;8,1;2011;Action;Lionsgate;99;99;99
gaoco200;Gavin O’Connor;director;99;99;99;99;99;99;m;USA;1963
mais300;Mark Isham;composer;99;99;99;99;99;99;m;USA;1951
fa100;Fargo;film;no;no;8,1;1996;Crime;Gramercy Pictures;99;99;99
hari100;Hacksaw Ridge;film;no;no;8,1;2016;Biography;Cross Creek Pictures;99;99;99
rugrwi300;Rupert Gregson-Williams;composer;99;99;99;99;99;99;m;UK;1966
mamafuro100;Mad Max: Fury Road;film;no;no;8,1;2015;Action;Warner Bros.;99;99;99
gemi200;George Miller;director;99;99;99;99;99;99;m;Australia;1945
juxl300;Junkie XL;composer;99;99;99;99;99;99;m;Netherlands;1967
midoba100;Million Dollar Baby;film;no;yes;8,1;2004;Drama;Warner Bros.;99;99;99
mist300;Michael Stevens;composer;99;99;99;99;99;99;m;USA;1951
chofhe100;Children of Heaven;film;no;no;8,1;1997;Drama;Institute for the Intellectual Development of Children and Young Adults;99;99;99
mama200;Majid Majidi;director;99;99;99;99;99;99;m;Iran;1959
keja300;Keivan Jahanshahi;composer;99;99;99;99;99;99;m;Iran;99
ra3100;Ratatouille;film;no;yes;8,1;2007;Animation;Pixar Animation Studios;99;99;99
brbi200;Brad Bird;director;99;99;99;99;99;99;m;USA;1957
japi200;Jan Pinkava;director;99;99;99;99;99;99;m;Czech Republic;1963
myneto100;My Neighbor Totoro;film;no;no;8,1;1988;Animation;Studio Ghibli;99;99;99
rabu100;Raging Bull;film;no;no;8,1;1980;Drama;United Artists;99;99;99
roro300;Robbie Robertson;composer;99;99;99;99;99;99;m;Canada;1943
grto100;Gran Torino;film;no;no;8,1;2008;Drama;Warner Bros.;99;99;99
kyea300;Kyle Eastwood;composer;99;99;99;99;99;99;m;USA;1968
12yeasl100;12 Years a Slave;film;no;no;8,1;2013;Biography;Fox Searchlight Pictures;99;99;99
stmc200;Steve McQueen;director;99;99;99;99;99;99;m;UK;1969
thgrbuho100;The Grand Budapest Hotel;film;yes;yes;8,1;2014;Adventure;Fox Searchlight Pictures;99;99;99
wean200;Wes Anderson;director;99;99;99;99;99;99;m;USA;1969
hototryodr100;How to Train Your Dragon;film;no;no;8,1;2010;Animation;DreamWorks Animation;99;99;99
dede200;Dean DeBlois;director;99;99;99;99;99;99;m;Canada;1970
joh300;John Powell;composer;99;99;99;99;99;99;m;UK;1963
meofmu100;Memories of Murder;film;no;no;8,1;2003;Drama;CJ Entertainment;99;99;99
taiw300;Taro Iwashiro;composer;99;99;99;99;99;99;m;Japan;1965
besu100;Before Sunrise;film;no;no;8,1;1995;Drama;Castle Rock Entertainment;99;99;99
rili200;Richard Linklater;director;99;99;99;99;99;99;m;USA;1960
frfr300;Fred Frith;composer;99;99;99;99;99;99;m;UK;1949
blru100;Blade Runner;film;no;no;8,1;1982;Science-Fiction;Warner Bros.;99;99;99
va300;Vangelis;composer;99;99;99;99;99;99;m;Greece;1943
moin100;Monsters, Inc.;film;no;no;8,1;2001;Animation;Pixar Animation Studios;99;99;99
dasi200;David Silverman;director;99;99;99;99;99;99;m;USA;1957
gogi100;Gone Girl;film;no;no;8,1;2014;Drama;20th Century Fox;99;99;99
trre300;Trent Reznor;composer;99;99;99;99;99;99;m;USA;1965
atro300;Atticus Ross;composer;99;99;99;99;99;99;m;UK;1968
spmanowaho100;Spider-Man: No Way Home;film;no;no;8,1;2021;Action;Marvel Studios;99;99;99
jowa200;Jon Watts;director;99;99;99;99;99;99;m;USA;1981
ja100;Jaws;film;yes;yes;8,1;1975;Adventure;Universal Pictures;99;99;99
fovfe100;Ford v Ferrari;film;no;no;8,1;2019;Sportfilm;20th Century Fox;99;99;99
jama200;James Mangold;director;99;99;99;99;99;99;m;USA;1963
mabe300;Marco Beltrami;composer;99;99;99;99;99;99;m;USA;1966
inthnaofthfa100;In the Name of the Father;film;no;no;8,1;1993;Biography;Universal Pictures;99;99;99
jish200;Jim Sheridan;director;99;99;99;99;99;99;m;Ireland;1949
trjo300;Trevor Jones;composer;99;99;99;99;99;99;m;South Africa;1949
wita100;Wild Tales;film;no;no;8,1;2014;Comedy;El Deseo;99;99;99
dasz200;Damián Szifron;director;99;99;99;99;99;99;m;Argentina;1975
gusa300;Gustavo Santaolalla;composer;99;99;99;99;99;99;m;Argentina;1951
thgoru100;The Gold Rush;film;no;no;8,1;1925;Comedy;United Artists;99;99;99
shjr100;Sherlock Jr.;film;no;no;8,1;1924;Action;Metro Pictures;99;99;99
buke200;Buster Keaton;director;99;99;99;99;99;99;m;USA;1895
rois300;Robert Israel;composer;99;99;99;99;99;99;m;USA;1963
maanma100;Mary and Max;film;no;no;8,1;2009;Adventure;Melodrama Pictures;99;99;99
adel200;Adam Elliot;director;99;99;99;99;99;99;m;Australia;1972
daco300;Dale Cornelius;composer;99;99;99;99;99;99;m;Australia;99
chmathmorear100;Chainsaw Man - The Movie: Reze Arc;film;no;no;8,3;2025;Animation;MAPPA;99;99;99
tayo200;Tatsuya Yoshihara;director;99;99;99;99;99;99;m;Japan;1986
keus300;Kensuke Ushio;composer;99;99;99;99;99;99;m;Japan;1983
thdehu100;The Deer Hunter;film;no;no;8,1;1978;Drama;EMI Films;99;99;99
mici200;Michael Cimino;director;99;99;99;99;99;99;m;USA;1939
stmy300;Stanley Myers;composer;99;99;99;99;99;99;m;UK;1930
thwaoffe100;The Wages of Fear;film;no;no;8,1;1953;Adventure;Vera Films;99;99;99
hegecl200;Henri-Georges Clouzot;director;99;99;99;99;99;99;m;France;1907
geau300;Georges Auric;composer;99;99;99;99;99;99;m;France;1899
asivo100;A Silent Voice;film;no;no;8,1;2016;Drama;Kyoto Animation;99;99;99
naya200;Naoko Yamada;director;99;99;99;99;99;99;w;Japan;1984
ro100;Rocky;film;no;no;8,1;1976;Sportfilm;United Artists;99;99;99
lo100;Logan;film;no;no;8,1;2017;Action;20th Century Fox;99;99;99
thge100;The General;film;no;no;8,1;1926;Comedy;Buster Keaton Productions;99;99;99
clbr200;Clyde Bruckman;director;99;99;99;99;99;99;m;USA;1894
piofthcathcu100;Pirates of the Caribbean: The Curse of the Black Pearl;film;no;no;8,1;2003;Action;Walt Disney Pictures;99;99;99
gove200;Gore Verbinski;director;99;99;99;99;99;99;m;USA;1964
klba300;Klaus Badelt;composer;99;99;99;99;99;99;m;Germany;1967
mrsmgotowa100;Mr. Smith Goes to Washington;film;no;no;8,1;1939;Drama;Columbia Pictures;99;99;99
thchclfathcl100;The Chaos Class Failed the Class;film;no;no;8,1;1975;Comedy;Arzu Film;99;99;99
ereg200;Ertem Egilmez;director;99;99;99;99;99;99;m;Turkey;1929
meki300;Melih Kibar;composer;99;99;99;99;99;99;m;Turkey;1951
tost2100;Tokyo Story;film;no;no;8,1;1953;Drama;Shochiku;99;99;99
ozya200;Ozu Yasujir?;director;99;99;99;99;99;99;m;Japan;1903
laha100;La Haine;film;no;no;8,1;1995;Drama;Canal+;99;99;99
maka200;Mathieu Kassovitz;director;99;99;99;99;99;99;m;France;1967
sp100;Spotlight;film;no;no;8,1;2015;Biography;Participant Media;99;99;99
thmc200;Thomas McCarthy;director;99;99;99;99;99;99;m;USA;1966
jabh100;Jai Bhim;film;no;no;8,1;2021;Crime;2D Entertainment;99;99;99
tjgn200;T. J. Gnanavel;director;99;99;99;99;99;99;m;India;1975
sero300;Sean Roldan;composer;99;99;99;99;99;99;m;India;1987
thsoofmu100;The Sound of Music;film;no;no;8,1;1965;Biography;20th Century Fox;99;99;99
rowi200;Robert Wise;director;99;99;99;99;99;99;m;USA;1914
riro300;Richard Rodgers;composer;99;99;99;99;99;99;m;USA;1902
onthwa100;On the Waterfront;film;no;no;8,1;1954;Drama;Columbia Pictures;99;99;99
elka200;Elia Kazan;director;99;99;99;99;99;99;m;USA;1909
lebe300;Leonard Bernstein;composer;99;99;99;99;99;99;m;USA;1918
ma100;Maharaja;film;no;no;8,2;2024;Action;Passion Studio India;99;99;99
nisa200;Nithilan Saminathan;director;99;99;99;99;99;99;m;India;1987
bajlo300;B. Ajaneesh Loknath;composer;99;99;99;99;99;99;m;India;1985
wist100;Wild Strawberries;film;no;no;8,1;1957;Drama;Svensk Filmindustri;99;99;99
inbe200;Ingmar Bergman;director;99;99;99;99;99;99;m;Sweden;1918
erno300;Erik Nordgren;composer;99;99;99;99;99;99;m;Sweden;1913
thte100;The Terminator;film;no;no;8,1;1984;Science-Fiction;Orion Pictures;99;99;99
thbeyeofouli2100;The Best Years of Our Lives;film;no;no;8,1;1946;Drama;Samuel Goldwyn Productions;99;99;99
hufr300;Hugo Friedhofer;composer;99;99;99;99;99;99;m;USA;1901
ththma100;The Third Man;film;no;no;8,1;1949;Film noir;London Films;99;99;99
care200;Carol Reed;director;99;99;99;99;99;99;m;UK;1906
anka300;Anton Karas;composer;99;99;99;99;99;99;m;Austria;1906
thbile100;The Big Lebowski;film;no;no;8,1;1998;Comedy;PolyGram Filmed Entertainment;99;99;99
besu2100;Before Sunset;film;no;no;8,1;2004;Drama;Warner Independent Pictures;99;99;99
thin2100;The Incredibles;film;no;no;8;2004;Animation;Pixar Animation Studios;99;99;99
haadosta100;Hachi: A Dog's Tale;film;no;no;8;2009;Drama;Inferno Entertainment;99;99;99
laha200;Lasse Hallström;director;99;99;99;99;99;99;m;Sweden;1946
jaap300;Jan A.P. Kaczmarek;composer;99;99;99;99;99;99;m;99;99
ro2100;Room;film;no;no;8;2015;Drama;Element Pictures;99;Poland;1953
leab200;Lenny Abrahamson;director;99;99;99;99;99;99;m;Ireland;1966
stre300;Stephen Rennicks;composer;99;99;99;99;99;99;m;Ireland;1964
thsese100;The Seventh Seal;film;no;no;8,1;1957;Drama;Svensk Filmindustri;99;99;99
horw100;Hotel Rwanda;film;no;no;8;2004;Biography;United Artists;99;99;99
tege200;Terry George;director;99;99;99;99;99;99;m;UK;1952
pl100;Platoon;film;no;no;8;1986;Action;Hemdale Film Corporation;99;99;99
olst200;Oliver Stone;director;99;99;99;99;99;99;m;USA;1946
gede300;Georges Delerue;composer;99;99;99;99;99;99;m;France;1925
thex100;The Exorcist;film;no;no;8;1973;Horror;Warner Bros.;99;99;99
wifr200;William Friedkin;director;99;99;99;99;99;99;m;USA;1935
miol300;Mike Oldfield;composer;99;99;99;99;99;99;m;UK;1953
thirgi100;The Iron Giant;film;no;no;8;1999;Animation;Warner Bros.;99;99;99
ru100;Rush;film;no;no;8;2013;Biography;Cross Creek Pictures;99;99;99
stbyme100;Stand by Me;film;no;no;8;1986;Adventure;Columbia Pictures;99;99;99
rore200;Rob Reiner;director;99;99;99;99;99;99;m;USA;1947
thwiofoz100;The Wizard of Oz;film;no;no;8;1939;Adventure;Metro-Goldwyn-Mayer;99;99;99
hest300;Herbert Stothart;composer;99;99;99;99;99;99;m;USA;1885
thbaofal100;The Battle of Algiers;film;yes;yes;8,1;1966;Drama;Igor Film;99;99;99
gipo200;Gillo Pontecorvo;director;99;99;99;99;99;99;m;Italy;1919
myfaanmyso100;My Father and My Son;film;no;no;8,1;2005;Drama;Av?ar Film;99;99;99
caanir200;Ça?an Irmak;director;99;99;99;99;99;99;m;Turkey;1970
thpaofjoofar100;The Passion of Joan of Arc;film;no;no;8,1;1928;Biography;Société Générale de Films;99;99;99
cathdr200;Carl Theodor Dreyer;director;99;99;99;99;99;99;m;Denmark;1889
riei300;Richard Einhorn;composer;99;99;99;99;99;99;m;USA;1952
thha100;The Handmaiden;film;no;no;8,1;2016;Drama;CJ Entertainment;99;99;99
lala100;Laapataa Ladies;film;no;no;8,3;2023;Drama;Aamir Khan Productions;99;99;99
kira200;Kiran Rao;director;99;99;99;99;99;99;w;India;1973
rasa300;Ram Sampath;composer;99;99;99;99;99;99;m;India;1977
an100;Andhadhun;film;no;no;8,2;2018;Comedy;Matchbox Pictures;99;99;99
srra200;Sriram Raghavan;director;99;99;99;99;99;99;m;India;1963
dage300;Daniel George;composer;99;99;99;99;99;99;m;India;99
raf300;Raftaar;composer;99;99;99;99;99;99;m;India;1988
