12.09.;Datenerhebung Louisa;;;
from;to;relationship;year;
thshre100;frda200;1;1994;
thshre100;thne300;1;1994;
frda200;thne300;2;1994;
thgo100;frfoco200;1;1972;
thgo100;niro300;1;1972;
frfoco200;niro300;2;1972;
thdakn100;chno200;1;2008;
thdakn100;janeho300;1;2008;
thdakn100;hazi300;1;2008;
chno200;janeho300;2;2008;
chno200;hazi300;2;2008;
thgopaii100;frfoco200;1;1974;
thgopaii100;niro300;1;1974;
frfoco200;niro300;2;1974;
12anme100;silu200;1;1957;
12anme100;keho300;1;1957;
silu200;keho300;2;1957;
thloofthrith100;peja200;1;2003;
thloofthrith100;hosho300;1;2003;
peja200;hosho300;2;2003;
scsli100;stsp200;1;1993;
scsli100;jowi300;1;1993;
stsp200;jowi300;2;1993;
thloofthrith2100;peja200;1;2001;
thloofthrith2100;hosho300;1;2001;
peja200;hosho300;2;2001;
pufi100;quta200;1;1994;
thgothbaanth100;sele200;1;1966;
thgothbaanth100;enmo300;1;1966;
sele200;enmo300;2;1966;
thloofthrith3100;peja200;1;2002;
thloofthrith3100;hosho300;1;2002;
peja200;hosho300;2;2002;
fogu100;roze200;1;1994;
fogu100;alsi300;1;1994;
roze200;alsi300;2;1994;
ficl100;dafi200;1;1999;
ficl100;joki300;1;1999;
ficl100;misi300;1;1999;
dafi200;joki300;2;1999;
dafi200;misi300;2;1999;
in100;chno200;1;2010;
in100;hazi300;1;2010;
chno200;hazi300;2;2010;
stwaepvthems100;ivke200;1;1980;
stwaepvthems100;jowi300;1;1980;
ivke200;jowi300;2;1980;
thma100;lawach200;1;1999;
thma100;liwach200;1;1999;
thma100;dondav300;1;1999;
lawach200;dondav300;2;1999;
liwach200;dondav300;2;1999;
in2100;chno200;1;2014;
in2100;hazi300;1;2014;
chno200;hazi300;2;2014;
go100;masco200;1;1990;
onflovthcusn100;Milfor200;1;1975;
onflovthcusn100;Jjani300;1;1975;
Milfor200;Jjani300;2;1975;
se100;dafi200;1;1995;
se100;hosho300;1;1995;
dafi200;hosho300;2;1995;
itsawoli100;frca200;1;1946;
itsawoli100;diti300;1;1946;
frca200;diti300;2;1946;
thsiofthla100;jode200;1;1991;
thsiofthla100;hosho300;1;1991;
jode200;hosho300;2;1991;
saprry100;stsp200;1;1998;
saprry100;jowi300;1;1998;
stsp200;jowi300;2;1998;
sesa100;akku200;1;1954;
sesa100;fuha300;1;1954;
akku200;fuha300;2;1954;
thgrmi100;frda200;1;1999;
thgrmi100;thne300;1;1999;
frda200;thne300;2;1999;
ciofgo100;feme200;1;2002;
ciofgo100;kalu200;1;2002;
ciofgo100;anpi300;1;2002;
feme200;anpi300;2;2002;
kalu200;anpi300;2;2002;
liisbe100;robe200;1;1997;
liisbe100;nipi300;1;1997;
robe200;nipi300;2;1997;
te2juda100;jaca200;1;1991;
te2juda100;brfi300;1;1991;
jaca200;brfi300;2;1991;
batothfu100;roze200;1;1985;
batothfu100;alsi300;1;1985;
roze200;alsi300;2;1985;
stwaepivaneh100;gelu200;1;1977;
stwaepivaneh100;jowi300;1;1977;
gelu200;jowi300;2;1977;
kibithwhblaf100;rz300;1;2004;
kibithwhblaf100;quta200;1;2004;
quta200;rz300;2;2004;
spaw100;hami200;1;2001;
spaw100;johi300;1;2001;
hami200;johi300;2;2001;
gl100;risc200;1;2000;
gl100;lige300;1;2000;
risc200;lige300;2;2000;
gl100;hazi300;1;2000;
risc200;hazi300;2;2000;
thpi100;ropo200;1;2002;
thpi100;woki300;1;2002;
ropo200;woki300;2;2002;
pa100;bojoho200;1;2019;
pa100;jujail300;1;2019;
bojoho200;jujail300;2;2019;
grofthfi100;ista200;1;1988;
grofthfi100;mima300;1;1988;
ista200;mima300;2;1988;
ps100;alhi200;1;1960;
ps100;behe300;1;1960;
alhi200;behe300;2;1960;
ha100;mako200;1;1962;
ha100;truta300;1;1962;
mako200;truta300;2;1962;
thliki100;roal200;1;1994;
thliki100;romi200;1;1994;
thliki100;hazi300;1;1994;
roal200;hazi300;2;1994;
romi200;hazi300;2;1994;
thde100;masco200;1;2006;
thde100;hosho300;1;2006;
masco200;hosho300;2;2006;
wh100;dach200;1;2014;
wh100;juhu300;1;2014;
dach200;juhu300;2;2014;
thpr100;daju300;1;2006;
thpr100;chno200;1;2006;
chno200;daju300;2;2006;
amhix100;toka200;1;1998;
amhix100;andu300;1;1998;
toka200;andu300;2;1998;
lon100;lube200;1;1994;
lon100;erse300;1;1994;
lube200;erse300;2;1994;
spmaacthspve100;jodosa200;1;2023;
spmaacthspve100;kepo200;1;2023;
spmaacthspve100;jukth200;1;2023;
spmaacthspve100;dape300;1;2023;
jodosa200;dape300;2;2023;
kepo200;dape300;2;2023;
jukth200;dape300;2;2023;
cipa100;gito200;1;1988;
cipa100;enmo300;1;1988;
gito200;enmo300;2;1988;
ca100;micu200;1;1942;
ca100;mast300;1;1942;
micu200;mast300;2;1942;
thin100;olna200;1;2011;
thin100;erto200;1;2011;
thin100;luei300;1;2011;
olna200;luei300;2;2011;
erto200;luei300;2;2011;
thussu100;brsi200;1;1995;
thussu100;joot300;1;1995;
brsi200;joot300;2;1995;
djun100;quta200;1;2012;
al100;jego300;1;1979;
al100;risc200;1;1979;
risc200;jego300;2;1979;
rewi100;alhi200;1;1954;
rewi100;frwa300;1;1954;
alhi200;frwa300;2;1954;
moti100;chch200;1;1936;
onupatiinthw100;sele200;1;1968;
onupatiinthw100;enmo300;1;1968;
sele200;enmo300;2;1968;
cili100;chch200;1;1931;
wae100;anst200;1;2008;
wae100;thne300;1;2008;
anst200;thne300;2;2008;
apno100;caco300;1;1979;
apno100;frfoco200;1;1979;
frfoco200;caco300;2;1979;
me100;chno200;1;2000;
me100;daju300;1;2000;
chno200;daju300;2;2000;
avinwa100;ant200;1;2018;
avinwa100;joe200;1;2018;
avinwa100;alsi300;1;2018;
ant200;alsi300;2;2018;
joe200;alsi300;2;2018;
dupatw100;devi200;1;2024;
dupatw100;hazi300;1;2024;
devi200;hazi300;2;2024;
raofthloar100;stsp200;1;1981;
raofthloar100;jowi300;1;1981;
stsp200;jowi300;2;1981;
thod100;lugo300;1;2026;
thod100;chno200;1;2026;
chno200;lugo300;2;2026;
spmainthspve100;bope200;1;2018;
spmainthspve100;phlo200;1;2018;
spmainthspve100;chmi200;1;2018;
spmainthspve100;dape300;1;2018;
bope200;dape300;2;2018;
phlo200;dape300;2;2018;
chmi200;dape300;2;2018;
thliofot100;flhevo200;1;2006;
thliofot100;gaya300;1;2006;
flhevo200;gaya300;2;2006;
subo100;biwi200;1;1950;
subo100;frwa300;1;1950;
biwi200;frwa300;2;1950;
wifothpr100;biwi200;1;1957;
wifothpr100;mama300;1;1957;
biwi200;mama300;2;1957;
paofgl100;stku200;1;1957;
paofgl100;gefr300;1;1957;
stku200;gefr300;2;1957;
thsh100;weca300;1;1980;
thsh100;stku200;1;1980;
stku200;weca300;2;1980;
thgrdi100;chch200;1;1940;
inba100;quta200;1;2009;
al2100;jaho300;1;1986;
al2100;jaca200;1;1986;
jaca200;jaho300;2;1986;
12fa100;vivich200;1;2023;
12fa100;shmo300;1;2023;
vivich200;shmo300;2;2023;
inthvaofel100;paha200;1;2007;
inthvaofel100;mais300;1;2007;
paha200;mais300;2;2007;
aven100;ant200;1;2019;
aven100;joe200;1;2019;
aven100;alsi300;1;2019;
ant200;alsi300;2;2019;
joe200;alsi300;2;2019;
gowihu100;guvasa200;1;1997;
gowihu100;dael300;1;1997;
guvasa200;dael300;2;1997;
co100;leun200;1;2017;
co100;admo200;1;2017;
co100;migi300;1;2017;
leun200;migi300;2;2017;
admo200;migi300;2;2017;
thdaknri100;chno200;1;2012;
thdaknri100;hazi300;1;2012;
chno200;hazi300;2;2012;
tost100;jola200;1;1995;
tost100;rane300;1;1995;
jola200;rane300;2;1995;
am100;Milfor200;1;1984;
yona100;mash200;1;2016;
yona100;ra300;1;2016;
mash200;ra300;2;2016;
dabo100;wope200;1;1981;
dabo100;kldo300;1;1981;
wope200;kldo300;2;1981;
br100;megi200;1;1995;
br100;jaho300;1;1995;
megi200;jaho300;2;1995;
prmo100;hami200;1;1997;
prmo100;johi300;1;1997;
hami200;johi300;2;1997;
ol100;pachwo200;1;2003;
ol100;joyewo300;1;2003;
pachwo200;joyewo300;2;2003;
3id100;rahi200;1;2009;
3id100;shmo300;1;2009;
rahi200;shmo300;2;2009;
drstorhoilet100;lajo300;1;1964;
drstorhoilet100;stku200;1;1964;
stku200;lajo300;2;1964;
ambe100;same200;1;1999;
ambe100;thne300;1;1999;
same200;thne300;2;1999;
ca2100;nala200;1;2018;
ca2100;khmo300;1;2018;
nala200;khmo300;2;2018;
siinthra100;stdo200;1;1952;
siinthra100;geke200;1;1952;
siinthra100;nahebr300;1;1952;
stdo200;nahebr300;2;1952;
geke200;nahebr300;2;1952;
onupatiinam100;sele200;1;1984;
onupatiinam100;enmo300;1;1984;
sele200;enmo300;2;1984;
jo100;toph200;1;2019;
jo100;higu300;1;2019;
toph200;higu300;2;2019;
tost3100;leun200;1;2010;
tost3100;rane300;1;2010;
leun200;rane300;2;2010;
stwaepvireof100;rima200;1;1983;
stwaepvireof100;jowi300;1;1983;
rima200;jowi300;2;1983;
coanse100;elkl200;1;1985;
coanse100;olya300;1;1985;
elkl200;olya300;2;1985;
refoadr100;daar200;1;2000;
refoadr100;clma300;1;2000;
daar200;clma300;2;2000;
ik100;akku200;1;1952;
ik100;fuha300;1;1952;
akku200;fuha300;2;1952;
thhu100;thvi200;1;2012;
thhu100;nieg300;1;2012;
thvi200;nieg300;2;2012;
in3100;grhe300;1;2010;
in3100;devi200;1;2010;
devi200;grhe300;2;2010;
etsuofthspmi100;migo200;1;2004;
etsuofthspmi100;jobr300;1;2004;
migo200;jobr300;2;2004;
thap100;adde300;1;1960;
thap100;biwi200;1;1960;
biwi200;adde300;2;1960;
laofar100;dale200;1;1962;
laofar100;maja300;1;1962;
dale200;maja300;2;1962;
he100;mima200;1;1995;
he100;elgo300;1;1995;
mima200;elgo300;2;1995;
sc100;brdepa200;1;1983;
sc100;gimo300;1;1983;
brdepa200;gimo300;2;1983;
redo100;quta200;1;1992;
20aspod100;gyli300;1;1968;
20aspod100;stku200;1;1968;
stku200;gyli300;2;1968;
up100;pedo200;1;2009;
up100;migi300;1;2009;
pedo200;migi300;2;2009;
doin100;miro300;1;1944;
doin100;biwi200;1;1944;
biwi200;miro300;2;1944;
listonea100;aakh200;1;2007;
listonea100;shma300;1;2007;
listonea100;ehno300;1;2007;
listonea100;lome300;1;2007;
aakh200;shma300;2;2007;
aakh200;ehno300;2;2007;
aakh200;lome300;2;2007;
nobyno100;alhi200;1;1959;
nobyno100;behe300;1;1959;
alhi200;behe300;2;1959;
fumeja100;abme300;1;1987;
fumeja100;stku200;1;1987;
stku200;abme300;2;1987;
m100;frla200;1;1931;
m100;gohu300;1;1931;
frla200;gohu300;2;1931;
ase100;asfa200;1;2011;
ase100;saor300;1;2011;
asfa200;saor300;2;2011;
amli100;jepije200;1;2001;
amli100;yati300;1;2001;
jepije200;yati300;2;2001;
cika100;orwe200;1;1941;
cika100;behe300;1;1941;
orwe200;behe300;2;1941;
ve100;alhi200;1;1958;
ve100;behe300;1;1958;
alhi200;behe300;2;1958;
diha100;jomc200;1;1988;
diha100;mika300;1;1988;
jomc200;mika300;2;1988;
atontithlaat100;yuha200;1;2024;
atontithlaat100;hisa300;1;2024;
yuha200;hisa300;2;2024;
tokiamo100;romu200;1;1962;
tokiamo100;elbe300;1;1962;
romu200;elbe300;2;1962;
injoanthlacr100;stsp200;1;1989;
injoanthlacr100;jowi300;1;1989;
stsp200;jowi300;2;1989;
thcuofthwe100;jogav200;1;2025;
thcuofthwe100;bico300;1;2025;
jogav200;bico300;2;2025;
thst100;gerohi200;1;1973;
thst100;maha300;1;1973;
gerohi200;maha300;2;1973;
aclor100;stku200;1;1971;
aclor100;weca300;1;1971;
stku200;weca300;2;1971;
me2100;frla200;1;1927;
me2100;gohu300;1;1927;
frla200;gohu300;2;1927;
19100;same200;1;2019;
19100;thne300;1;2019;
same200;thne300;2;2019;
sn100;guri200;1;2000;
sn100;jomu300;1;2000;
guri200;jomu300;2;2000;
thwoofwast100;masco200;1;2013;
thtrsh100;pewe200;1;1998;
thtrsh100;buda300;1;1998;
pewe200;buda300;2;1998;
do100;olhi200;1;2004;
do100;stle300;1;2004;
olhi200;stle300;2;2004;
laco100;cuha200;1;1997;
laco100;jego300;1;1997;
cuha200;jego300;2;1997;
shis100;masco200;1;2010;
shis100;roro300;1;2010;
masco200;roro300;2;2010;
da100;niti200;1;2016;
da100;prch300;1;2016;
niti200;prch300;2;2016;
grbo100;pefa200;1;2018;
grbo100;krbo300;1;2018;
pefa200;krbo300;2;2018;
bith100;videsi200;1;1948;
bith100;alci300;1;1948;
videsi200;alci300;2;1948;
juatnu100;stkr200;1;1961;
juatnu100;ergo300;1;1961;
stkr200;ergo300;2;1961;
op100;chno200;1;2023;
op100;lugo300;1;2023;
chno200;lugo300;2;2023;
babe100;chno200;1;2005;
babe100;hazi300;1;2005;
babe100;janeho300;1;2005;
chno200;hazi300;2;2005;
chno200;janeho300;2;2005;
jupa100;stsp200;1;1993;
jupa100;jowi300;1;1993;
stsp200;jowi300;2;1993;
foafedomo100;sele200;1;1965;
foafedomo100;enmo300;1;1965;
sele200;enmo300;2;1965;
ha2100;thka200;1;2020;
ha2100;limami300;1;2020;
thka200;limami300;2;2020;
tadr100;masco200;1;1976;
tadr100;behe300;1;1976;
masco200;behe300;2;1976;
soliitho100;biwi200;1;1959;
soliitho100;adde300;1;1959;
biwi200;adde300;2;1959;
thwibebl100;pathan200;1;2007;
thwibebl100;jogr300;1;2007;
pathan200;jogr300;2;2007;
thfa100;flze200;1;2020;
thfa100;luei300;1;2020;
flze200;luei300;2;2020;
thki100;chch200;1;1921;
alabev100;jolma200;1;1950;
alabev100;alne300;1;1950;
jolma200;alne300;2;1950;
thsise100;mnish200;1;1999;
thsise100;janeho300;1;1999;
mnish200;janeho300;2;1999;
ra100;akku200;1;1985;
ra100;truta300;1;1985;
akku200;truta300;2;1985;
ca3100;masco200;1;1995;
thth100;joca200;1;1982;
thth100;enmo300;1;1982;
joca200;enmo300;2;1982;
nocofoolme100;etco200;1;2007;
nocofoolme100;joco200;1;2007;
nocofoolme100;cabu300;1;2007;
etco200;cabu300;2;2007;
joco200;cabu300;2;2007;
prhama100;phlo200;1;2026;
prhama100;chmi200;1;2026;
prhama100;dape300;1;2026;
phlo200;dape300;2;2026;
chmi200;dape300;2;2026;
pr100;jojo300;1;2013;
pr100;devi200;1;2013;
devi200;jojo300;2;2013;
toguma100;joko200;1;2022;
toguma100;hafa300;1;2022;
joko200;hafa300;2;2022;
kibivo1100;quta200;1;2003;
kibivo1100;rz300;1;2003;
quta200;rz300;2;2003;
pasla100;gudeto200;1;2006;
pasla100;jana300;1;2006;
gudeto200;jana300;2;2006;
un100;clea200;1;1992;
un100;leni300;1;1992;
clea200;leni300;2;1992;
abemi100;roho200;1;2001;
abemi100;jaho300;1;2001;
roho200;jaho300;2;2001;
hosmoca100;hami200;1;2004;
hosmoca100;johi300;1;2004;
hami200;johi300;2;2004;
thtrofthsima100;johu200;1;1948;
thtrofthsima100;mast300;1;1948;
johu200;mast300;2;1948;
fine100;anst200;1;2003;
fine100;thne300;1;2003;
anst200;thne300;2;2003;
kl100;sepa200;1;2019;
kl100;algag300;1;2019;
sepa200;algag300;2;2019;
yo100;masa300;1;1961;
yo100;akku200;1;1961;
akku200;masa300;2;1961;
deslkinoyath100;haso200;1;2025;
deslkinoyath100;gosh300;1;2025;
deslkinoyath100;yuka300;1;2025;
haso200;gosh300;2;2025;
haso200;yuka300;2;2025;
thelma100;daly200;1;1980;
thelma100;jomo300;1;1980;
daly200;jomo300;2;1980;
thgres100;jost200;1;1963;
thgres100;elbe300;1;1963;
jost200;elbe300;2;1963;
mopyanthhogr100;tejo200;1;1975;
mopyanthhogr100;tegi200;1;1975;
mopyanthhogr100;nein300;1;1975;
tejo200;nein300;2;1975;
tegi200;nein300;2;1975;
dimfomu100;alhi200;1;1954;
dimfomu100;diti300;1;1954;
alhi200;diti300;2;1954;
thseinthey100;jujoca200;1;2009;
thseinthey100;feju300;1;2009;
jujoca200;feju300;2;2009;
gowithwi100;vifl200;1;1939;
gowithwi100;mast300;1;1939;
vifl200;mast300;2;1939;
lostantwsmba100;guri200;1;1998;
ch100;ropo200;1;1974;
ch100;jego300;1;1974;
ropo200;jego300;2;1974;
cameifyoca100;stsp200;1;2002;
cameifyoca100;jowi300;1;2002;
stsp200;jowi300;2;2002;
vfove100;jamc200;1;2006;
vfove100;dama300;1;2006;
jamc200;dama300;2;2006;
inou100;pedo200;1;2015;
inou100;migi300;1;2015;
pedo200;migi300;2;2015;
tr100;dabo200;1;1996;
tr100;bren300;1;1996;
dabo200;bren300;2;1996;
deposo100;pewe200;1;1989;
deposo100;maja300;1;1989;
pewe200;maja300;2;1989;
thbiouebmi100;mamc200;1;2017;
thbiouebmi100;cabu300;1;2017;
mamc200;cabu300;2;2017;
hapoanthdeha100;daya200;1;2011;
hapoanthdeha100;alde300;1;2011;
daya200;alde300;2;2011;
ra2100;akku200;1;1950;
ra2100;fuha300;1;1950;
akku200;fuha300;2;1950;
thbronthrikw100;maar300;1;1957;
thbronthrikw100;dale200;1;1957;
dale200;maar300;2;1957;
thwiro100;chsa200;1;2024;
thwiro100;krbo300;1;2024;
chsa200;krbo300;2;2024;
baly100;lero300;1;1975;
baly100;stku200;1;1975;
stku200;lero300;2;1975;
behu100;wiwy200;1;1959;
behu100;miro300;1;1959;
wiwy200;miro300;2;1959;
wa100;gaoco200;1;2011;
wa100;mais300;1;2011;
gaoco200;mais300;2;2011;
fa100;joco200;1;1996;
fa100;etco200;1;1996;
fa100;cabu300;1;1996;
joco200;cabu300;2;1996;
etco200;cabu300;2;1996;
hari100;rugrwi300;1;2016;
hari100;megi200;1;2016;
megi200;rugrwi300;2;2016;
mamafuro100;gemi200;1;2015;
mamafuro100;juxl300;1;2015;
gemi200;juxl300;2;2015;
midoba100;mist300;1;2004;
midoba100;clea200;1;2004;
midoba100;kyea300;1;2004;
clea200;mist300;2;2004;
clea200;kyea300;2;2004;
chofhe100;mama200;1;1997;
chofhe100;keja300;1;1997;
mama200;keja300;2;1997;
ra3100;brbi200;1;2007;
ra3100;japi200;1;2007;
ra3100;migi300;1;2007;
brbi200;migi300;2;2007;
japi200;migi300;2;2007;
myneto100;hami200;1;1988;
myneto100;johi300;1;1988;
hami200;johi300;2;1988;
rabu100;roro300;1;1980;
rabu100;masco200;1;1980;
masco200;roro300;2;1980;
grto100;kyea300;1;2008;
grto100;clea200;1;2008;
grto100;mist300;1;2008;
clea200;kyea300;2;2008;
clea200;mist300;2;2008;
12yeasl100;stmc200;1;2013;
12yeasl100;hazi300;1;2013;
stmc200;hazi300;2;2013;
thgrbuho100;wean200;1;2014;
thgrbuho100;alde300;1;2014;
wean200;alde300;2;2014;
hototryodr100;dede200;1;2010;
hototryodr100;joh300;1;2010;
dede200;joh300;2;2010;
hototryodr100;chsa200;1;2010;
chsa200;joh300;2;2010;
meofmu100;taiw300;1;2003;
meofmu100;bojoho200;1;2003;
bojoho200;taiw300;2;2003;
besu100;rili200;1;1995;
besu100;frfr300;1;1995;
rili200;frfr300;2;1995;
blru100;va300;1;1982;
blru100;risc200;1;1982;
risc200;va300;2;1982;
moin100;dasi200;1;2001;
moin100;pedo200;1;2001;
moin100;rane300;1;2001;
dasi200;rane300;2;2001;
pedo200;rane300;2;2001;
gogi100;trre300;1;2014;
gogi100;atro300;1;2014;
gogi100;dafi200;1;2014;
dafi200;trre300;2;2014;
dafi200;atro300;2;2014;
spmanowaho100;jowa200;1;2021;
spmanowaho100;migi300;1;2021;
jowa200;migi300;2;2021;
ja100;stsp200;1;1975;
ja100;jowi300;1;1975;
stsp200;jowi300;2;1975;
fovfe100;jama200;1;2019;
fovfe100;mabe300;1;2019;
jama200;mabe300;2;2019;
inthnaofthfa100;jish200;1;1993;
inthnaofthfa100;trjo300;1;1993;
jish200;trjo300;2;1993;
wita100;dasz200;1;2014;
wita100;gusa300;1;2014;
dasz200;gusa300;2;2014;
thgoru100;chch200;1;1925;
shjr100;buke200;1;1924;
shjr100;rois300;1;1924;
buke200;rois300;2;1924;
maanma100;adel200;1;2009;
maanma100;daco300;1;2009;
adel200;daco300;2;2009;
chmathmorear100;tayo200;1;2025;
chmathmorear100;keus300;1;2025;
tayo200;keus300;2;2025;
thdehu100;mici200;1;1978;
thdehu100;stmy300;1;1978;
mici200;stmy300;2;1978;
thwaoffe100;hegecl200;1;1953;
thwaoffe100;geau300;1;1953;
hegecl200;geau300;2;1953;
asivo100;naya200;1;2016;
asivo100;keus300;1;2016;
naya200;keus300;2;2016;
ro100;jogav200;1;1976;
ro100;bico300;1;1976;
jogav200;bico300;2;1976;
lo100;jama200;1;2017;
lo100;mabe300;1;2017;
jama200;mabe300;2;2017;
thge100;clbr200;1;1926;
thge100;buke200;1;1926;
thge100;rois300;1;1926;
clbr200;rois300;2;1926;
buke200;rois300;2;1926;
piofthcathcu100;gove200;1;2003;
piofthcathcu100;klba300;1;2003;
gove200;klba300;2;2003;
mrsmgotowa100;frca200;1;1939;
mrsmgotowa100;diti300;1;1939;
frca200;diti300;2;1939;
thchclfathcl100;ereg200;1;1975;
thchclfathcl100;meki300;1;1975;
ereg200;meki300;2;1975;
tost2100;ozya200;1;1953;
laha100;maka200;1;1995;
sp100;thmc200;1;2015;
sp100;hosho300;1;2015;
thmc200;hosho300;2;2015;
jabh100;tjgn200;1;2021;
jabh100;sero300;1;2021;
tjgn200;sero300;2;2021;
thsoofmu100;rowi200;1;1965;
thsoofmu100;riro300;1;1965;
rowi200;riro300;2;1965;
onthwa100;elka200;1;1954;
onthwa100;lebe300;1;1954;
elka200;lebe300;2;1954;
ma100;nisa200;1;2024;
ma100;bajlo300;1;2024;
nisa200;bajlo300;2;2024;
wist100;inbe200;1;1957;
wist100;erno300;1;1957;
inbe200;erno300;2;1957;
thte100;jaca200;1;1984;
thte100;brfi300;1;1984;
jaca200;brfi300;2;1984;
thbeyeofouli2100;hufr300;1;1946;
thbeyeofouli2100;wiwy200;1;1946;
wiwy200;hufr300;2;1946;
ththma100;care200;1;1949;
ththma100;anka300;1;1949;
care200;anka300;2;1949;
thbile100;joco200;1;1998;
thbile100;etco200;1;1998;
thbile100;cabu300;1;1998;
joco200;cabu300;2;1998;
etco200;cabu300;2;1998;
besu2100;rili200;1;2004;
thin2100;brbi200;1;2004;
thin2100;migi300;1;2004;
brbi200;migi300;2;2004;
haadosta100;laha200;1;2009;
haadosta100;jaap300;1;2009;
laha200;jaap300;2;2009;
ro2100;leab200;1;2015;
ro2100;stre300;1;2015;
leab200;stre300;2;2015;
thsese100;inbe200;1;1957;
thsese100;erno300;1;1957;
horw100;tege200;1;2004;
pl100;olst200;1;1986;
pl100;gede300;1;1986;
olst200;gede300;2;1986;
thex100;wifr200;1;1973;
thex100;miol300;1;1973;
wifr200;miol300;2;1973;
thirgi100;brbi200;1;1999;
thirgi100;mika300;1;1999;
brbi200;mika300;2;1999;
ru100;roho200;1;2013;
ru100;hazi300;1;2013;
roho200;hazi300;2;2013;
stbyme100;rore200;1;1986;
stbyme100;Jjani300;1;1986;
rore200;Jjani300;2;1986;
thwiofoz100;hest300;1;1939;
thwiofoz100;vifl200;1;1939;
vifl200;hest300;2;1939;
thbaofal100;gipo200;1;1966;
thbaofal100;enmo300;1;1966;
gipo200;enmo300;2;1966;
myfaanmyso100;caanir200;1;2005;
thpaofjoofar100;cathdr200;1;1928;
thpaofjoofar100;riei300;1;1928;
cathdr200;riei300;2;1928;
thha100;pachwo200;1;2016;
thha100;joyewo300;1;2016;
pachwo200;joyewo300;2;2016;
lala100;kira200;1;2023;
lala100;rasa300;1;2023;
kira200;rasa300;2;2023;
an100;srra200;1;2018;
an100;dage300;1;2018;
an100;raf300;1;2018;
srra200;dage300;2;2018;
srra200;raf300;2;2018;
